Quantity,SKU,Set,Set Code,Product ID,Name,Simple Name,Printing,Condition,Language
1,,Ravnica Remastered,,531403,"Rakdos, Lord of Riots (Retro Frame) (Serial Numbered) ",,,Near Mint,English
1,,Ravnica Remastered,,531366,Utvara Hellkite (Retro Frame) (Serial Numbered) ,,,Near Mint,English
1,,Innistrad: Midnight Hunt,,248212,The Meathook Massacre ,,,Near Mint,English
2,,The Lost Caverns of Ixalan,,517603,Cavern of Souls (0269) ,,,Near Mint,English
2,,Ravnica Remastered,,517643,Temple Garden (Retro Frame) ,,,Near Mint,English
1,,The Lost Caverns of Ixalan,,524230,"Ojer Taq, Deepest Foundation ",,,Near Mint,English
1,,Murders at Karlov Manor,,532941,Underground Mortuary (Borderless) ,,,Near Mint,English
1,,Kamigawa: Neon Dynasty,,262039,The Wandering Emperor ,,,Near Mint,English
1,,The Brothers' War,,451962,Portal to Phyrexia ,,,Near Mint,English
2,,The Lost Caverns of Ixalan,,525241,Roaming Throne (Borderless) ,,,Near Mint,English
1,,Murders at Karlov Manor,,532899,Undercity Sewers (Borderless) ,,,Near Mint,English
1,,Ravnica Remastered,,517698,Temple Garden (Borderless) ,,,Near Mint,English
1,,Phyrexia: All Will Be One,,475507,"Elesh Norn, Mother of Machines ",,,Near Mint,English
1,,The Lost Caverns of Ixalan,,517523,"Ghalta, Stampede Tyrant (Borderless) ",,,Near Mint,English
1,,Ravnica Remastered,,517640,Blood Crypt (Retro Frame) ,,,Near Mint,English
3,,Murders at Karlov Manor,,532937,Warleader's Call (Showcase) ,,,Near Mint,English
1,,Ravnica Remastered,,517665,Watery Grave (Retro Frame) ,,,Near Mint,English
1,,Murders at Karlov Manor,,533402,"Delney, Streetwise Lookout ",,,Near Mint,English
1,,Murders at Karlov Manor,,534645,Leyline of the Guildpact (Extended Art) ,,,Near Mint,English
1,,Innistrad: Crimson Vow,,252937,Shattered Sanctum (Borderless) ,,,Near Mint,English
1,,Commander: The Lord of the Rings: Tales of Middle-earth,,517256,Legolas's Quick Reflexes (Borderless) ,,,Near Mint,English
1,,Universes Beyond: The Lord of the Rings: Tales of Middle-earth,,498341,Last March of the Ents ,,,Near Mint,English
1,,March of the Machine: The Aftermath,,495752,"Calix, Guided by Fate (Showcase) ",,,Near Mint,English
2,,Universes Beyond: The Lord of the Rings: Tales of Middle-earth,,517446,"Aragorn, the Uniter (Borderless Poster) ",,,Near Mint,English
1,,Ravnica Remastered,,517662,Breeding Pool ,,,Near Mint,English
1,,Ravnica Remastered,,517651,Overgrown Tomb (Retro Frame) ,,,Near Mint,English
1,,Ravnica Remastered,,530978,Cloudstone Curio (Anime Borderless) ,,,Near Mint,English
1,,Murders at Karlov Manor,,534638,Leyline of the Guildpact ,,,Near Mint,English
1,,Murders at Karlov Manor,,532970,Meticulous Archive (Borderless) ,,,Near Mint,English
2,,Murders at Karlov Manor,,532891,"Massacre Girl, Known Killer ",,,Near Mint,English
1,,Ravnica Remastered,,517636,Blood Crypt ,,,Near Mint,English
1,,Ravnica Remastered,,517657,Hallowed Fountain (Retro Frame) ,,,Near Mint,English
1,,Ravnica Remastered,,517693,Godless Shrine (Borderless) ,,,Near Mint,English
1,,Innistrad: Crimson Vow,,253669,Hullbreaker Horror (Extended Art) ,,,Near Mint,English
1,,Ravnica Remastered,,530837,Guardian Project (Anime Borderless) ,,,Near Mint,English
1,,Ravnica Remastered,,517660,Steam Vents ,,,Near Mint,English
1,,Iconic Masters,,145485,Magus of the Moon ,,,Near Mint,English
1,,Commander: The Lost Caverns of Ixalan,,524273,"Pantlaza, Sun-Favored (Borderless) ",,,Near Mint,English
1,,Universes Beyond: The Lord of the Rings: Tales of Middle-earth,,518128,Nazgul (0728) (Showcase Scrolls) ,,,Near Mint,English
2,,Ravnica Remastered,,517664,Watery Grave ,,,Near Mint,English
1,,Universes Beyond: The Lord of the Rings: Tales of Middle-earth,,499456,Mithril Coat ,,,Near Mint,English
1,,Murders at Karlov Manor,,534079,"Anzrag, the Quake-Mole ",,,Near Mint,English
1,,Commander: The Lord of the Rings: Tales of Middle-earth,,517936,Mists of Lorien (Borderless) (Surge Foil) ,,,Near Mint,English
2,,Ravnica Remastered,,517642,Temple Garden ,,,Near Mint,English
1,,Universes Beyond: The Lord of the Rings: Tales of Middle-earth,,518162,Witch-king of Angmar (Borderless Poster) ,,,Near Mint,English
1,,Universes Beyond: The Lord of the Rings: Tales of Middle-earth,,518165,Storm of Saruman (Borderless Poster) ,,,Near Mint,English
1,,Ravnica Remastered,,517684,Massacre Girl (Anime Borderless) ,,,Near Mint,English
1,,Ravnica Remastered,,530835,Guardian Project ,,,Near Mint,English
1,,Ravnica Remastered,,517700,Hallowed Fountain (Borderless) ,,,Near Mint,English
2,,Ravnica Remastered,,530973,Bruvac the Grandiloquent (Anime Borderless) ,,,Near Mint,English
2,,Universes Beyond: The Lord of the Rings: Tales of Middle-earth,,499218,Palantir of Orthanc ,,,Near Mint,English
1,,Innistrad: Crimson Vow,,252939,Sundown Pass (Borderless) ,,,Near Mint,English
1,,Ravnica Remastered,,517659,Godless Shrine (Retro Frame) ,,,Near Mint,English
1,,Streets of New Capenna,,268342,Ledger Shredder ,,,Near Mint,English
1,,Ravnica Remastered,,517650,Overgrown Tomb ,,,Near Mint,English
1,,The List,,513201,Eldrazi Conscription ,,,Near Mint,English
1,,Ravnica Remastered,,517658,Godless Shrine ,,,Near Mint,English
1,,Universes Beyond: The Lord of the Rings: Tales of Middle-earth,,498414,Delighted Halfling ,,,Near Mint,English
1,,Universes Beyond: The Lord of the Rings: Tales of Middle-earth,,498358,Nazgul (0335) ,,,Near Mint,English
1,,Ravnica Remastered,,530782,"Aurelia, Exemplar of Justice (Anime Borderless) ",,,Near Mint,English
1,,Universes Beyond: The Lord of the Rings: Tales of Middle-earth,,498361,Nazgul (0338) ,,,Near Mint,English
1,,The Brothers' War,,452319,Loran of the Third Path (Extended Art) ,,,Near Mint,English
1,,Commander: Innistrad: Crimson Vow,,253821,"Umbris, Fear Manifest (Extended Art) ",,,Near Mint,English
1,,Innistrad: Crimson Vow,,253169,Cultivator Colossus ,,,Near Mint,English
1,,The Lost Caverns of Ixalan,,524311,Bonehoard Dracosaur ,,,Near Mint,English
2,,Ravnica Remastered,,517656,Hallowed Fountain ,,,Near Mint,English
1,,Murders at Karlov Manor,,534710,"Anzrag, the Quake-Mole (Showcase) ",,,Near Mint,English
1,,Murders at Karlov Manor,,532905,Undercity Sewers ,,,Near Mint,English
1,,Universes Beyond: The Lord of the Rings: Tales of Middle-earth,,518154,Glamdring (Borderless Poster) ,,,Near Mint,English
2,,Murders at Karlov Manor,,532872,Warleader's Call ,,,Near Mint,English
1,,Ravnica Remastered,,530877,Utvara Hellkite ,,,Near Mint,English
1,,The List,,513179,Counterbalance ,,,Near Mint,English
1,,Modern Horizons,,191062,Eladamri's Call ,,,Near Mint,English
1,,Innistrad: Midnight Hunt,,247825,Deserted Beach (Borderless) ,,,Near Mint,English
1,,Adventures in the Forgotten Realms,,243389,Teleportation Circle ,,,Near Mint,English
1,,The Brothers' War,,452124,Diabolic Intent ,,,Near Mint,English
2,,Murders at Karlov Manor,,532907,Meticulous Archive ,,,Near Mint,English
2,,Murders at Karlov Manor,,532918,Thundering Falls ,,,Near Mint,English
1,,Universes Beyond: The Lord of the Rings: Tales of Middle-earth,,526003,Flame of Anor (Showcase Scrolls) ,,,Near Mint,English
2,,Murders at Karlov Manor,,532916,Hedge Maze ,,,Near Mint,English
1,,Murders at Karlov Manor,,533411,"Vannifar, Evolved Enigma (Showcase) (0373) ",,,Near Mint,English
2,,Ravnica Remastered,,531233,Dark Confidant ,,,Near Mint,English
3,,Murders at Karlov Manor,,534080,Archdruid's Charm ,,,Near Mint,English
1,,Ravnica Remastered,,517686,"Krenko, Mob Boss (Anime Borderless) ",,,Near Mint,English
1,,Murders at Karlov Manor,,532954,Raucous Theater (Borderless) ,,,Near Mint,English
1,,Ravnica Remastered,,531140,Lord of the Void ,,,Near Mint,English
1,,Ravnica Remastered,,531109,"Karn, the Great Creator ",,,Near Mint,English
1,,Murders at Karlov Manor,,535309,Insidious Roots (Showcase) ,,,Near Mint,English
1,,Murders at Karlov Manor,,529999,"Rakdos, Patron of Chaos ",,,Near Mint,English
1,,Murders at Karlov Manor,,532951,Shadowy Backstreet (Borderless) ,,,Near Mint,English
1,,Ravnica Remastered,,531057,"Teferi, Time Raveler ",,,Near Mint,English
1,,Murders at Karlov Manor,,534604,Conspiracy Unraveler (Showcase) (Invisible Ink) ,,,Near Mint,English
1,,The Lost Caverns of Ixalan,,524576,Get Lost ,,,Near Mint,English
2,,Murders at Karlov Manor,,532898,Commercial District (Borderless) ,,,Near Mint,English
1,,Commander 2021,,236264,Curiosity Crafter ,,,Near Mint,English
1,,Streets of New Capenna,,268939,Bootleggers' Stash (Borderless) ,,,Near Mint,English
2,,Ravnica Remastered,,530846,Life from the Loam ,,,Near Mint,English
1,,Special Guests,,532989,Fabricate (Borderless) ,,,Near Mint,English
2,,The Lost Caverns of Ixalan,,524352,"Aclazotz, Deepest Betrayal ",,,Near Mint,English
1,,Ravnica Remastered,,530984,Protean Hulk (Anime Borderless) ,,,Near Mint,English
2,,Universes Beyond: The Lord of the Rings: Tales of Middle-earth,,499872,Flame of Anor ,,,Near Mint,English
1,,Innistrad: Midnight Hunt,,247945,Poppet Stitcher (Extended Art) ,,,Near Mint,English
1,,Media Promos,,251180,Nyx Lotus ,,,Near Mint,English
1,,Murders at Karlov Manor,,533917,The Pride of Hull Clade ,,,Near Mint,English
1,,Ravnica Remastered,,530980,Chromatic Lantern (Anime Borderless) ,,,Near Mint,English
2,,Ravnica Remastered,,530858,"Niv-Mizzet, Parun (Anime Borderless) ",,,Near Mint,English
1,,Promo Pack: Streets of New Capenna,,270048,Bootleggers' Stash ,,,Near Mint,English
1,,Phyrexia: All Will Be One,,478295,Urabrask's Forge ,,,Near Mint,English
1,,Ravnica Remastered,,530994,Karlov of the Ghost Council (Anime Borderless) ,,,Near Mint,English
1,,Ravnica Remastered,,531000,Hellkite Tyrant (Anime Borderless) ,,,Near Mint,English
2,,Ravnica Remastered,,531113,Chord of Calling ,,,Near Mint,English
1,,Dominaria United,,282787,Karplusan Forest ,,,Near Mint,English
1,,Universes Beyond: The Lord of the Rings: Tales of Middle-earth,,498397,Witch-king of Angmar ,,,Near Mint,English
1,,Adventures in the Forgotten Realms,,243354,"Iymrith, Desert Doom (Borderless) ",,,Near Mint,English
1,,Murders at Karlov Manor,,532973,Elegant Parlor (Borderless) ,,,Near Mint,English
1,,Unfinity,,287129,Magar of the Magic Strings (Galaxy Foil) ,,,Near Mint,English
1,,Ravnica Remastered,,530869,Spark Double (Retro Frame) ,,,Near Mint,English
1,,The List,,284408,Phyresis ,,,Near Mint,English
1,,Murders at Karlov Manor,,532938,Elegant Parlor ,,,Near Mint,English
1,,Ravnica Remastered,,530848,Life from the Loam (Anime Borderless) ,,,Near Mint,English
1,,Ravnica Remastered,,530797,Crypt Ghast (Retro Frame) ,,,Near Mint,English
1,,Universes Beyond: The Lord of the Rings: Tales of Middle-earth,,499188,Flowering of the White Tree ,,,Near Mint,English
1,,Ravnica Remastered,,530988,"Teysa, Orzhov Scion (Anime Borderless) ",,,Near Mint,English
1,,Ravnica Remastered,,530851,Lord of the Void (Retro Frame) ,,,Near Mint,English
1,,Commander 2021,,236069,Monologue Tax ,,,Near Mint,English
2,,Murders at Karlov Manor,,534072,Undergrowth Recon ,,,Near Mint,English
1,,The List,,284424,Stitch Together ,,,Near Mint,English
1,,Ravnica Remastered,,517667,Birds of Paradise (Retro Frame) ,,,Near Mint,English
12,,Murders at Karlov Manor,,534084,Slime Against Humanity ,,,Near Mint,English
2,,Universes Beyond: The Lord of the Rings: Tales of Middle-earth,,517920,Elven Chorus (Extended Art) (Surge Foil) ,,,Near Mint,English
1,,Universes Beyond: The Lord of the Rings: Tales of Middle-earth,,498350,Minas Tirith ,,,Near Mint,English
1,,Universes Beyond: The Lord of the Rings: Tales of Middle-earth,,517974,Rivendell (Borderless) (Surge Foil) ,,,Near Mint,English
3,,Murders at Karlov Manor,,532886,Crime Novelist ,,,Near Mint,English
1,,The Lost Caverns of Ixalan,,524220,Growing Rites of Itlimoc ,,,Near Mint,English
1,,Commander: Innistrad: Midnight Hunt,,248843,Tomb Tyrant (Extended Art) ,,,Near Mint,English
1,,Streets of New Capenna,,268418,Elspeth Resplendent (Showcase) ,,,Near Mint,English
1,,Universes Beyond: The Lord of the Rings: Tales of Middle-earth,,498682,"Lotho, Corrupt Shirriff ",,,Near Mint,English
2,,Murders at Karlov Manor,,532881,Lush Portico ,,,Near Mint,English
3,,Murders at Karlov Manor,,532950,Assassin's Trophy (Extended Art) ,,,Near Mint,English
3,,Ravnica Remastered,,531285,Muddle the Mixture (Retro Frame) ,,,Near Mint,English
1,,The Brothers' War: Retro Frame Artifacts,,452447,Cloud Key (Schematic) ,,,Near Mint,English
1,,The Lost Caverns of Ixalan,,524243,Quintorius Kand (0352) (Borderless) ,,,Near Mint,English
2,,Ravnica Remastered,,531187,Chromatic Lantern ,,,Near Mint,English
1,,Universes Beyond: The Lord of the Rings: Tales of Middle-earth,,498382,"Sauron, the Dark Lord (Showcase) ",,,Near Mint,English
1,,Commander: The Lord of the Rings: Tales of Middle-earth,,518057,The Gaffer (Showcase Scrolls) ,,,Near Mint,English
1,,Commander: Dominaria United,,283715,Badger Token ,,,Near Mint,English
2,,Universes Beyond: The Lord of the Rings: Tales of Middle-earth,,518082,Reprieve (Showcase Scrolls) ,,,Near Mint,English
1,,Dominaria United,,283655,Destroy Evil ,,,Near Mint,English
2,,Commander: The Lost Caverns of Ixalan,,526404,Contest of Claws ,,,Near Mint,English
1,,Murders at Karlov Manor,,534617,Forensic Gadgeteer ,,,Near Mint,English
1,,The Brothers' War,,452822,"Gwenna, Eyes of Gaea ",,,Near Mint,English
1,,The Lost Caverns of Ixalan,,524202,"Gishath, Sun's Avatar ",,,Near Mint,English
1,,Universes Beyond: The Lord of the Rings: Tales of Middle-earth,,499960,Lorien Revealed ,,,Near Mint,English
1,,Commander: The Lost Caverns of Ixalan,,525709,"Carmen, Cruel Skymarcher ",,,Near Mint,English
1,,Commander: Murders at Karlov Manor,,536002,"Duskana, the Rage Mother (Extended Art) ",,,Near Mint,English
1,,Murders at Karlov Manor,,534684,Doorkeeper Thrull (Showcase) ,,,Near Mint,English
5,,Ravnica Remastered,,530865,Rhythm of the Wild ,,,Near Mint,English
1,,Universes Beyond: The Lord of the Rings: Tales of Middle-earth,,498389,Storm of Saruman ,,,Near Mint,English
1,,Ravnica Remastered,,530854,Master of Cruelties ,,,Near Mint,English
1,,Ravnica Remastered,,531075,Deathrite Shaman ,,,Near Mint,English
1,,Murders at Karlov Manor,,535988,"Niv-Mizzet, Guildpact (Showcase) (319) ",,,Near Mint,English
1,,Ravnica Remastered,,530974,Tidespout Tyrant (Anime Borderless) ,,,Near Mint,English
1,,Commander: Murders at Karlov Manor,,536042,Final-Word Phantom (Extended Art) ,,,Near Mint,English
1,,Adventures in the Forgotten Realms,,243022,Hive of the Eye Tyrant (Dungeon Module) ,,,Near Mint,English
2,,Ravnica Remastered,,531303,Hellkite Tyrant (Retro Frame) ,,,Near Mint,English
1,,Murders at Karlov Manor,,532927,Aurelia's Vindicator ,,,Near Mint,English
1,,Unfinity,,287018,Misunderstood Trapeze Elf ,,,Near Mint,English
1,,Streets of New Capenna,,268422,"Lord Xander, the Collector (Showcase) ",,,Near Mint,English
1,,Kamigawa: Neon Dynasty,,257676,Plains (293) - JP Full Art ,,,Near Mint,English
1,,Ravnica Remastered,,530982,Pack Rat (Anime Borderless) ,,,Near Mint,English
1,,Dominaria United,,279830,Plains (Showcase) ,,,Near Mint,English
13,,Media Promos,,514818,"Lathril, Blade of the Elves (Foil Etched) ",,,Near Mint,English
1,,Ravnica Remastered,,530999,Deathrite Shaman (Retro Frame) ,,,Near Mint,English
1,,The Lost Caverns of Ixalan,,526429,Trumpeting Carnosaur (Borderless) ,,,Near Mint,English
3,,Murders at Karlov Manor,,532917,"Etrata, Deadly Fugitive ",,,Near Mint,English
1,,Ravnica Remastered,,531338,Dragon Token ,,,Near Mint,English
1,,The Brothers' War: Retro Frame Artifacts,,451900,Swiftfoot Boots ,,,Near Mint,English
1,,Universes Beyond: The Lord of the Rings: Tales of Middle-earth,,499213,"Arwen, Mortal Queen ",,,Near Mint,English
2,,Ravnica Remastered,,531260,Chromatic Lantern (Retro Frame) ,,,Near Mint,English
1,,Innistrad: Midnight Hunt,,248076,Siphon Insight (Extended Art) ,,,Near Mint,English
2,,Murders at Karlov Manor,,532888,Assassin's Trophy ,,,Near Mint,English
2,,The Lost Caverns of Ixalan,,525283,Tarrian's Soulcleaver ,,,Near Mint,English
1,,Murders at Karlov Manor,,535300,Insidious Roots ,,,Near Mint,English
1,,Commander: Murders at Karlov Manor,,536031,On the Trail (Extended Art) ,,,Near Mint,English
1,,Universes Beyond: The Lord of the Rings: Tales of Middle-earth,,498620,There and Back Again ,,,Near Mint,English
2,,Ravnica Remastered,,531181,"Nicol Bolas, Dragon-God ",,,Near Mint,English
1,,Commander: Murders at Karlov Manor,,536015,Prisoner's Dilemma (Extended Art) ,,,Near Mint,English
1,,The Lost Caverns of Ixalan,,525147,"Ojer Pakpatiq, Deepest Epoch ",,,Near Mint,English
1,,Murders at Karlov Manor,,532940,"Judith, Carnage Connoisseur (Showcase) ",,,Near Mint,English
1,,Murders at Karlov Manor,,535442,Reenact the Crime (Showcase) ,,,Near Mint,English
3,,The Lost Caverns of Ixalan,,526428,Trumpeting Carnosaur ,,,Near Mint,English
1,,Universes Beyond: The Lord of the Rings: Tales of Middle-earth,,496031,Call of the Ring ,,,Near Mint,English
1,,Wilds of Eldraine: Enchanting Tales,,513402,As Foretold (Anime Borderless) ,,,Near Mint,English
1,,Murders at Karlov Manor,,534598,Conspiracy Unraveler ,,,Near Mint,English
1,,The Lost Caverns of Ixalan,,524432,Stalactite Stalker ,,,Near Mint,English
1,,Unfinity,,287146,Mountain (489) - Full Art (Galaxy Foil) ,,,Near Mint,English
1,,Ravnica Remastered,,531012,Arclight Phoenix (Retro Frame) ,,,Near Mint,English
2,,Ravnica Remastered,,530840,Illusionist's Bracers ,,,Near Mint,English
1,,The List,,507548,"Elas il-Kor, Sadistic Pilgrim ",,,Near Mint,English
1,,Commander: The Lost Caverns of Ixalan,,526260,"Carmen, Cruel Skymarcher (Extended Art) ",,,Near Mint,English
2,,Murders at Karlov Manor,,532893,No More Lies ,,,Near Mint,English
1,,The Lost Caverns of Ixalan,,526195,Bitter Triumph ,,,Near Mint,English
1,,Ravnica Remastered,,517676,"Niv-Mizzet, Parun ",,,Near Mint,English
1,,Dominaria United,,279833,Mountain (Showcase) ,,,Near Mint,English
1,,Universes Beyond: The Lord of the Rings: Tales of Middle-earth,,499221,Entish Restoration ,,,Near Mint,English
2,,Universes Beyond: The Lord of the Rings: Tales of Middle-earth,,518220,Warg Rider (Extended Art) ,,,Near Mint,English
1,,Unstable,,152915,Serpentine ,,,Near Mint,English
4,,Universes Beyond: The Lord of the Rings: Tales of Middle-earth,,488255,Reprieve ,,,Near Mint,English
1,,Murders at Karlov Manor,,533166,Intrude on the Mind (Showcase) ,,,Near Mint,English
1,,Wilds of Eldraine,,513021,Charming Scoundrel ,,,Near Mint,English
2,,Murders at Karlov Manor,,533889,Case of the Locked Hothouse ,,,Near Mint,English
1,,Universes Beyond: The Lord of the Rings: Tales of Middle-earth,,499402,Glamdring ,,,Near Mint,English
1,,Kamigawa: Neon Dynasty,,262033,"Ao, the Dawn Sky ",,,Near Mint,English
2,,Murders at Karlov Manor,,535301,Reenact the Crime ,,,Near Mint,English
1,,Murders at Karlov Manor,,535252,Incinerator of the Guilty ,,,Near Mint,English
2,,Murders at Karlov Manor,,533164,Intrude on the Mind ,,,Near Mint,English
1,,The Lost Caverns of Ixalan,,525625,Thousand Moons Smithy ,,,Near Mint,English
1,,Innistrad: Crimson Vow,,253542,Reckless Impulse ,,,Near Mint,English
1,,Commander: The Lord of the Rings: Tales of Middle-earth,,517246,Mists of Lorien (Borderless) ,,,Near Mint,English
1,,Murders at Karlov Manor,,533924,Doppelgang (Extended Art) ,,,Near Mint,English
5,,Ravnica Remastered,,530975,Arclight Phoenix (Anime Borderless) ,,,Near Mint,English
1,,Throne of Eldraine,,198407,"Syr Konrad, the Grim ",,,Near Mint,English
2,,Wilds of Eldraine,,513095,Up the Beanstalk ,,,Near Mint,English
1,,Murders at Karlov Manor,,532929,Aurelia's Vindicator (Showcase) ,,,Near Mint,English
1,,Ravnica Remastered,,531002,Domri Rade (Anime Borderless) ,,,Near Mint,English
1,,The Lost Caverns of Ixalan,,517518,"Huatli, Poet of Unity ",,,Near Mint,English
3,,The Lost Caverns of Ixalan,,525115,Sunken Citadel ,,,Near Mint,English
1,,The Lost Caverns of Ixalan,,527649,Gnome Soldier Token ,,,Near Mint,English
1,,Universes Beyond: The Lord of the Rings: Tales of Middle-earth,,517910,"Arwen, Mortal Queen (Extended Art) (Surge Foil) ",,,Near Mint,English
1,,Unfinity,,287871,Starlight Spectacular (Galaxy Foil) ,,,Near Mint,English
1,,Ravnica Remastered,,531078,Arclight Phoenix ,,,Near Mint,English
1,,Murders at Karlov Manor,,530017,Wojek Investigator (Showcase) ,,,Near Mint,English
1,,Ravnica Remastered,,531264,Wilderness Reclamation (Retro Frame) ,,,Near Mint,English
1,,Streets of New Capenna,,268828,Void Rend (Showcase) ,,,Near Mint,English
1,,Commander: Murders at Karlov Manor,,536262,"Morska, Undersea Sleuth (Extended Art) ",,,Near Mint,English
1,,Ravnica Remastered,,530855,Master of Cruelties (Retro Frame) ,,,Near Mint,English
1,,Murders at Karlov Manor,,529989,"Aurelia, the Law Above ",,,Near Mint,English
1,,Murders at Karlov Manor,,530018,"Aurelia, the Law Above (Showcase) (0357) ",,,Near Mint,English
1,,Commander: Murders at Karlov Manor,,536014,"Marvo, Deep Operative (Extended Art) ",,,Near Mint,English
1,,Commander: Murders at Karlov Manor,,536259,"Mirko, Obsessive Theorist (Extended Art) ",,,Near Mint,English
1,,Universes Beyond: The Lord of the Rings: Tales of Middle-earth,,518110,War of the Last Alliance (Showcase Scrolls) ,,,Near Mint,English
1,,Universes Beyond: The Lord of the Rings: Tales of Middle-earth,,498525,Forge Anew ,,,Near Mint,English
2,,Commander: Murders at Karlov Manor,,536260,"Nelly Borca, Impulsive Accuser (Extended Art) ",,,Near Mint,English
1,,Universes Beyond: The Lord of the Rings: Tales of Middle-earth,,499328,The Battle of Bywater ,,,Near Mint,English
2,,Murders at Karlov Manor,,534609,Conspiracy Unraveler (Showcase) ,,,Near Mint,English
1,,Prerelease Cards,,454073,Teething Wurmlet ,,,Near Mint,English
1,,Murders at Karlov Manor,,535261,Case of the Uneaten Feast ,,,Near Mint,English
1,,Universes Beyond: The Lord of the Rings: Tales of Middle-earth,,518085,Forge Anew (Showcase Scrolls) ,,,Near Mint,English
2,,Murders at Karlov Manor,,535265,Incinerator of the Guilty (Showcase) ,,,Near Mint,English
1,,Murders at Karlov Manor,,530012,"Alquist Proft, Master Sleuth ",,,Near Mint,English
1,,Commander: The Lord of the Rings: Tales of Middle-earth,,518674,Soul's Attendant (Borderless) ,,,Near Mint,English
1,,Commander: The Brothers' War,,453136,Staff of Titania (Extended Art) ,,,Near Mint,English
2,,Ravnica Remastered,,531293,Skewer the Critics (Retro Frame) ,,,Near Mint,English
12,,Ravnica Remastered,,531121,Persistent Petitioners ,,,Near Mint,English
1,,Ravnica Remastered,,530783,Blind Obedience ,,,Near Mint,English
13,,Media Promos,,514812,Llanowar Elves (Retro Frame) ,,,Near Mint,English
1,,The Lost Caverns of Ixalan,,525260,Molten Collapse ,,,Near Mint,English
1,,Wilds of Eldraine,,512640,"Lord Skitter, Sewer King ",,,Near Mint,English
5,,Ravnica Remastered,,530813,Farseek ,,,Near Mint,English
1,,Ravnica Remastered,,530861,"Rakdos, Lord of Riots ",,,Near Mint,English
3,,Murders at Karlov Manor,,533408,Case of the Stashed Skeleton ,,,Near Mint,English
2,,Ravnica Remastered,,530841,Illusionist's Bracers (Retro Frame) ,,,Near Mint,English
2,,Duel Decks: Nissa vs. Ob Nixilis,,122246,Leechridden Swamp ,,,Near Mint,English
1,,Wilds of Eldraine,,512350,Lich-Knights' Conquest ,,,Near Mint,English
3,,The Lost Caverns of Ixalan,,524378,"Matzalantli, the Great Door ",,,Near Mint,English
1,,Universes Beyond: The Lord of the Rings: Tales of Middle-earth,,498436,"Pippin, Guard of the Citadel (Borderless) ",,,Near Mint,English
2,,Universes Beyond: The Lord of the Rings: Tales of Middle-earth,,499879,"Sting, the Glinting Dagger (Borderless) ",,,Near Mint,English
1,,Duel Decks: Nissa vs. Ob Nixilis,,122211,Altar's Reap ,,,Near Mint,English
1,,The Lost Caverns of Ixalan,,524196,"Malcolm, Alluring Scoundrel ",,,Near Mint,English
1,,The Lost Caverns of Ixalan,,524353,Deeproot Pilgrimage ,,,Near Mint,English
1,,Murders at Karlov Manor,,537433,Imp Token ,,,Near Mint,English
2,,Murders at Karlov Manor,,532875,"Agrus Kos, Spirit of Justice ",,,Near Mint,English
2,,Ravnica Remastered,,531309,Persistent Petitioners (Retro Frame) ,,,Near Mint,English
4,,Duel Decks: Nissa vs. Ob Nixilis,,122283,Plant Token ,,,Near Mint,English
1,,Murders at Karlov Manor,,534193,"Lazav, Wearer of Faces (Showcase) (0318) ",,,Near Mint,English
1,,Wilds of Eldraine: Enchanting Tales,,512543,Polluted Bonds ,,,Near Mint,English
1,,Murders at Karlov Manor,,533009,Assemble the Players (Showcase) ,,,Near Mint,English
2,,Murders at Karlov Manor,,533007,Assemble the Players ,,,Near Mint,English
1,,Murders at Karlov Manor,,532883,Analyze the Pollen ,,,Near Mint,English
